Country,Clicks,Impressions,CTR,Position
United States,2661,654653,0.41%,26.71
India,17,2591,0.66%,20.02
Philippines,16,1857,0.86%,12.95
Canada,7,3085,0.23%,10.46
South Africa,5,272,1.84%,25.28
Colombia,3,448,0.67%,23.62
Pakistan,2,455,0.44%,12.77
Peru,2,232,0.86%,30.41
Nigeria,2,175,1.14%,11.86
Mexico,1,1169,0.09%,20.08
France,1,501,0.2%,18.81
Indonesia,1,375,0.27%,24.21
Japan,1,239,0.42%,18.74
Israel,1,166,0.6%,23.87
Puerto Rico,1,127,0.79%,11.02
Kenya,1,104,0.96%,23.66
New Zealand,1,58,1.72%,16.69
Finland,1,53,1.89%,17.83
Brazil,0,4200,0%,31.86
United Kingdom,0,3637,0%,37.66
Germany,0,2279,0%,35.48
Ireland,0,1386,0%,38.85
Vietnam,0,1063,0%,33.36
Spain,0,677,0%,29.23
Switzerland,0,655,0%,37.4
Argentina,0,520,0%,27.12
Italy,0,503,0%,27.36
Turkey,0,438,0%,29.6
China,0,369,0%,7.93
Australia,0,343,0%,28.13
Ukraine,0,330,0%,27.89
Saudi Arabia,0,308,0%,33.4
Egypt,0,261,0%,31.61
Chile,0,239,0%,28.25
Ecuador,0,232,0%,28.02
Thailand,0,230,0%,22.68
Poland,0,215,0%,23.79
Netherlands,0,208,0%,21.31
South Korea,0,205,0%,23.44
Hong Kong,0,200,0%,10.81
Morocco,0,185,0%,34.58
Dominican Republic,0,178,0%,13.71
Russia,0,171,0%,15.28
Bangladesh,0,164,0%,13.36
Malaysia,0,160,0%,20.51
Romania,0,159,0%,28.31
Algeria,0,157,0%,32.92
Singapore,0,148,0%,9.57
Taiwan,0,136,0%,21.82
Greece,0,135,0%,36.24
Portugal,0,133,0%,28.03
United Arab Emirates,0,129,0%,26.43
Iran,0,122,0%,8.02
Sweden,0,114,0%,29.07
Kazakhstan,0,109,0%,33.32
Bulgaria,0,98,0%,29.26
Venezuela,0,91,0%,25.41
Jamaica,0,86,0%,11.44
Austria,0,85,0%,28.87
Hungary,0,85,0%,39.75
Serbia,0,82,0%,28.34
Czechia,0,79,0%,29.46
Belgium,0,76,0%,20.21
Tunisia,0,68,0%,26.56
Costa Rica,0,66,0%,15.08
Guatemala,0,64,0%,20.47
Denmark,0,63,0%,23.43
Paraguay,0,58,0%,21.52
Uzbekistan,0,57,0%,33.33
El Salvador,0,55,0%,10.2
Norway,0,54,0%,24.31
Iraq,0,48,0%,14.42
Nepal,0,47,0%,26.13
Croatia,0,45,0%,29.78
Bolivia,0,45,0%,30.04
Azerbaijan,0,44,0%,35.95
Honduras,0,43,0%,17.98
Slovakia,0,43,0%,29.91
Malawi,0,42,0%,8.31
Trinidad & Tobago,0,41,0%,14.98
Uruguay,0,40,0%,18.7
Jordan,0,40,0%,29.12
Estonia,0,38,0%,23
Panama,0,37,0%,24.16
Lithuania,0,36,0%,34.11
Georgia,0,34,0%,24.06
Albania,0,33,0%,34.85
Afghanistan,0,33,0%,35.67
Ethiopia,0,31,0%,23.77
Oman,0,31,0%,34.19
Senegal,0,31,0%,38.32
Bosnia & Herzegovina,0,30,0%,24.3
Latvia,0,30,0%,28.23
Cuba,0,29,0%,9.93
Belarus,0,29,0%,10.34
Nicaragua,0,29,0%,16.52
Qatar,0,29,0%,18.79
Belize,0,27,0%,12.78
Uganda,0,27,0%,19.48
Armenia,0,26,0%,15.12
Sri Lanka,0,26,0%,25.46
Moldova,0,26,0%,30.04
Ghana,0,25,0%,17.84
Kuwait,0,25,0%,33.36
Myanmar (Burma),0,24,0%,29.33
Palestine,0,23,0%,14.91
Cyprus,0,22,0%,28.14
Lebanon,0,21,0%,5.43
Slovenia,0,20,0%,23.95
Cambodia,0,20,0%,27.8
Macedonia,0,19,0%,28
Mongolia,0,19,0%,33.89
Burkina Faso,0,19,0%,35.26
Kosovo,0,18,0%,21.67
Côte d’Ivoire,0,18,0%,36.5
Bahrain,0,16,0%,32.25
Angola,0,15,0%,33.53
Syria,0,14,0%,10.14
Aruba,0,14,0%,23.71
Gabon,0,14,0%,43
Bahamas,0,13,0%,20.54
Barbados,0,12,0%,12
Togo,0,11,0%,21.91
Kyrgyzstan,0,11,0%,30.27
Montenegro,0,10,0%,11.7
Rwanda,0,10,0%,28.7
Zimbabwe,0,9,0%,21.67
Mali,0,8,0%,32.38
Madagascar,0,8,0%,36.62
Turks & Caicos Islands,0,7,0%,9.71
Libya,0,7,0%,12.86
Guyana,0,7,0%,13.71
Iceland,0,7,0%,15.43
Cameroon,0,7,0%,15.57
Benin,0,7,0%,42.29
Liberia,0,6,0%,13.17
Congo - Kinshasa,0,6,0%,15.67
Laos,0,6,0%,19.83
Botswana,0,6,0%,21
Malta,0,6,0%,21.33
Mauritius,0,6,0%,26.33
Zambia,0,6,0%,32
Tanzania,0,6,0%,46.17
Guam,0,5,0%,3.8
Somalia,0,5,0%,10.2
Macau,0,5,0%,12.8
Maldives,0,5,0%,12.8
Suriname,0,5,0%,13.2
Unknown Region,0,5,0%,13.8
Namibia,0,5,0%,16.8
Haiti,0,5,0%,20
Luxembourg,0,5,0%,32.2
Antigua & Barbuda,0,4,0%,10.75
Fiji,0,4,0%,20
Mauritania,0,4,0%,22
Brunei,0,4,0%,29.25
Congo - Brazzaville,0,4,0%,40.75
British Virgin Islands,0,3,0%,4.33
Cayman Islands,0,3,0%,6
Sudan,0,3,0%,9.33
Sint Maarten,0,3,0%,12.67
French Polynesia,0,3,0%,29
Tajikistan,0,3,0%,29.67
Sierra Leone,0,2,0%,6
St. Lucia,0,2,0%,7
Bermuda,0,2,0%,8
U.S. Virgin Islands,0,2,0%,9
Martinique,0,2,0%,11
Northern Mariana Islands,0,2,0%,11.5
Gambia,0,2,0%,13
St. Kitts & Nevis,0,2,0%,16.5
Lesotho,0,2,0%,16.5
Greenland,0,2,0%,23
Western Sahara,0,2,0%,24.5
Solomon Islands,0,2,0%,31.5
Guernsey,0,2,0%,34.5
Swaziland,0,2,0%,38
New Caledonia,0,2,0%,39.5
Faroe Islands,0,2,0%,41
Isle of Man,0,2,0%,41
Réunion,0,2,0%,43.5
Grenada,0,2,0%,47
Yemen,0,2,0%,47.5
French Guiana,0,2,0%,53
Guadeloupe,0,2,0%,55
Chad,0,1,0%,4
Tonga,0,1,0%,4
Bhutan,0,1,0%,5
Kiribati,0,1,0%,5
Turkmenistan,0,1,0%,7
Jersey,0,1,0%,8
Anguilla,0,1,0%,9
Equatorial Guinea,0,1,0%,9
Niger,0,1,0%,9
Guinea,0,1,0%,10
Caribbean Netherlands,0,1,0%,14
Mozambique,0,1,0%,17
Curaçao,0,1,0%,22
Gibraltar,0,1,0%,25
Andorra,0,1,0%,29
Cape Verde,0,1,0%,32