Top queries,Clicks,Impressions,CTR,Position
8662290441,11,52,21.15%,1.02
2534 n broad st,6,33,18.18%,3.15
olera care,6,7,85.71%,1
ridgeview estates,5,37,13.51%,5.62
chevy chase gardens,5,22,22.73%,4.64
harmony at greenwood,5,11,45.45%,1.55
olera,4,171,2.34%,4.84
madison crossing apartments,4,80,5%,6.65
bowie commons,4,28,14.29%,3.71
napa creek manor,3,30,10%,3.97
diamond senior apartments,3,21,14.29%,3.76
masonic care new rochelle,3,11,27.27%,6.91
eagle village bradenton florida,3,9,33.33%,2.67
budlong manor cranston ri,3,8,37.5%,2.88
diamond senior apartments dubuque,3,7,42.86%,3
does blue cross blue shield pay for in-home care,3,4,75%,2
briarwood williston nd,3,3,100%,1.67
assisted living near me,2,676,0.3%,26.34
regency at troy,2,275,0.73%,11.01
lincare houma,2,74,2.7%,6.23
presbyterian manor,2,68,2.94%,5.19
centerbridge bridgewater nj,2,57,3.51%,8.61
sacramento senior homes berkeley,2,55,3.64%,7.31
brilliant healthcare,2,50,4%,2.32
heavenly home care,2,48,4.17%,18.42
positive purpose,2,33,6.06%,5.76
blue skies home care,2,27,7.41%,6.96
baptist village cost,2,23,8.7%,6.52
maison home care,2,20,10%,2.55
cottage village apartments,2,20,10%,4.4
kennedy towers troy ny,2,19,10.53%,6.79
family tree longmont,2,18,11.11%,3.89
arp manor,2,14,14.29%,1.86
evergreen manor clifton nj,2,13,15.38%,1.92
independence manor nacogdoches,2,13,15.38%,2.85
oakhurst place,2,13,15.38%,7.85
bowie commons photos,2,12,16.67%,1.33
burt farms warwick ny,2,12,16.67%,5.33
moravia health scranton pa,2,11,18.18%,1.64
legacy manor of waterloo,2,11,18.18%,1.91
willow bend villas,2,11,18.18%,2.09
liberty terrace,2,11,18.18%,5.27
mercy home care anderson indiana,2,10,20%,8
st denis senior apartments photos,2,9,22.22%,2.22
mercy oaks village,2,9,22.22%,3.56
parkside lofts nutley nj,2,9,22.22%,4.44
silvercrest eureka,2,7,28.57%,1
alamo cove rehab and nursing center kalamazoo photos,2,6,33.33%,2
dell range senior apartments,2,6,33.33%,2.17
kendras place,2,6,33.33%,3.33
encompass home health houston,2,6,33.33%,7.17
legacy manor waterloo iowa,2,5,40%,2
gallaghers assisted living,2,5,40%,2.2
innovage senior living,2,5,40%,7
"low income senior housing gastonia, nc",2,5,40%,13.2
ridge pointe apartments,2,4,50%,2.5
morning star home health care,2,4,50%,3.25
maison home health care,2,4,50%,3.5
villas at peruque,2,4,50%,4.75
heritage residential care village,2,3,66.67%,1.33
river bluff cooperative,2,3,66.67%,1.33
silvercrest eureka ca,2,3,66.67%,2
the villas of chenal,2,3,66.67%,3
the polish connection,2,3,66.67%,3.67
2149375000,2,3,66.67%,4.67
ankar park,2,2,100%,1
nursing home pasadena,2,2,100%,1
olera.care,2,2,100%,1
monarca place middletown ct,2,2,100%,1.5
villa rita superior wi,2,2,100%,1.5
friendly care boston,2,2,100%,2
redeem center mission tx,2,2,100%,2
park meadows senior apartments,2,2,100%,4
"low income senior housing battle creek, mi",2,2,100%,9.5
consumer direct care network wa,2,2,100%,15.5
visiting angels,1,1221,0.08%,12.93
nursing homes near me,1,617,0.16%,37.27
home care services,1,470,0.21%,21.97
nursing home near me,1,438,0.23%,45.48
home health care,1,391,0.26%,19.92
assisted living facilities near me,1,201,0.5%,60.82
enhabit home health,1,126,0.79%,9.43
comfort keepers,1,125,0.8%,9.88
zahav of berwyn,1,117,0.85%,11.59
st jude nursing home,1,113,0.88%,7.78
westminster village,1,112,0.89%,40.75
help at home erie pa,1,107,0.93%,9.97
in home care near me,1,105,0.95%,29.47
wilmington nursing and rehabilitation center,1,101,0.99%,10.45
all together home care,1,97,1.03%,9.89
avir at garland,1,93,1.08%,1.49
armenian home,1,89,1.12%,7.72
shadyside assisted living,1,89,1.12%,9.36
better home health care,1,81,1.23%,12.21
raintree village lee's summit,1,80,1.25%,5.36
maulin home care services,1,73,1.37%,6.75
the ovation center,1,73,1.37%,7.03
gardenview home care,1,64,1.56%,6.02
home care agency,1,62,1.61%,22.63
aura home health,1,60,1.67%,8.9
burlingame skilled nursing,1,59,1.69%,11.2
buehler home,1,58,1.72%,5.67
unc homecare specialists,1,58,1.72%,7.84
one home care solutions,1,58,1.72%,8.55
independent senior living near me,1,58,1.72%,65.29
help at home oak lawn,1,50,2%,8.86
freestyle living yarmouth,1,45,2.22%,6.49
santiam gardens,1,43,2.33%,6.33
golden touch home health,1,43,2.33%,9.74
accentcare,1,39,2.56%,7.03
avila home care,1,39,2.56%,11.18
hookston senior homes,1,37,2.7%,10.35
ann's dream healthcare,1,36,2.78%,1.83
eliseo,1,34,2.94%,10.35
gentemann manor,1,33,3.03%,6.39
constant care 247,1,31,3.23%,5.45
fox river crossing,1,31,3.23%,8.35
whitewood gardens,1,31,3.23%,9.42
memory care facilities near me,1,31,3.23%,39.77
client dedicated services,1,30,3.33%,3.87
true care bronx ny,1,30,3.33%,5.37
five star senior living,1,29,3.45%,45.79
premier caregiver services,1,28,3.57%,4.25
haymount manor apartments photos,1,28,3.57%,7.61
nursing homes in my area,1,28,3.57%,20.96
the grove moore ok,1,27,3.7%,6.07
lifespan home health,1,27,3.7%,7.59
glover plaza,1,26,3.85%,4.23
lake place senior living,1,26,3.85%,5.35
yellow retirement pricing,1,25,4%,1.16
luther crest,1,25,4%,8.2
la guadalupana eagle pass,1,24,4.17%,4.71
surrey downs freehold nj,1,24,4.17%,5.67
a senior connection,1,24,4.17%,6.33
one oak place,1,24,4.17%,6.88
caring touch,1,23,4.35%,3.48
kirby park villas,1,23,4.35%,9.61
thekey,1,22,4.55%,9.55
bellflower terrace senior apartments,1,21,4.76%,3.43
faith home healthcare,1,21,4.76%,11.62
avalon square,1,20,5%,6.35
smith tower apartments,1,20,5%,7.75
southern home care,1,20,5%,11.25
loving care home health,1,20,5%,18.65
silver creek nursing and rehab,1,19,5.26%,6.21
lakewood hills senior village,1,19,5.26%,6.26
senior apartments gastonia nc,1,19,5.26%,19.32
assisted living glendale,1,19,5.26%,42.26
lenity home care,1,18,5.56%,4.94
sutter home health,1,18,5.56%,8.44
preferred home care,1,18,5.56%,16.56
erie independence house,1,17,5.88%,6.47
visiting angels edmond ok,1,17,5.88%,7.06
oasis residential care facility,1,17,5.88%,8.88
golden age home care,1,17,5.88%,10.29
avalon care center portland,1,17,5.88%,10.65
azalea heights photos,1,16,6.25%,1
vihar care indian nursing home @ bria of westmont,1,16,6.25%,2.69
patriot home care allentown pa,1,16,6.25%,5.69
gardens of st francis,1,16,6.25%,6
gerontology home companion,1,16,6.25%,7.25
albertine home,1,16,6.25%,8.12
casper home health,1,16,6.25%,8.38
caring angels home care,1,16,6.25%,27.06
319 duke road lexington ky,1,15,6.67%,6.8
whoos caring,1,15,6.67%,6.93
visiting angels carmel,1,15,6.67%,7.87
nursing homes in lubbock tx,1,15,6.67%,32.6
acme care,1,14,7.14%,5.14
bobette's home care,1,14,7.14%,6.36
oakshire apartments,1,14,7.14%,6.93
purposeful residential care,1,14,7.14%,7.64
hillview convalescent hospital,1,14,7.14%,8.14
the viridian,1,14,7.14%,8.21
bell manor apartments,1,14,7.14%,8.71
arosa houston,1,14,7.14%,9.86
new life home health services,1,13,7.69%,3.08
always home care paterson nj,1,13,7.69%,3.46
syncare memory suites,1,13,7.69%,3.85
a touch of love home care,1,13,7.69%,5.38
linwood terrace,1,13,7.69%,6.15
beverly towers,1,13,7.69%,6.38
391 east 149th street suite 305 bronx ny 10455,1,13,7.69%,7.54
visiting angels ogden,1,13,7.69%,7.54
aker kasten home health care,1,13,7.69%,8.38
montgomery meadows huntsville texas,1,13,7.69%,8.92
serenity congregate care,1,13,7.69%,12.77
lucky medical home care,1,12,8.33%,1.92
broomfield silvercrest,1,12,8.33%,2.83
grand villa assisted living at winston photos,1,12,8.33%,3.08
at home personal care las cruces,1,12,8.33%,3.25
agencias de palomitas en laredo texas,1,12,8.33%,4.67
atlee home care,1,12,8.33%,4.67
brenton communities,1,12,8.33%,7.67
55 pierrepont street,1,12,8.33%,8.83
greenleaf bolingbrook,1,12,8.33%,9.5
riverview heights,1,12,8.33%,10.5
oasis home health care,1,12,8.33%,30.25
americare mount vernon,1,11,9.09%,2.36
homefield villas,1,11,9.09%,2.91
the lodge at the terraces,1,11,9.09%,3.18
cascade ridge senior living,1,11,9.09%,3.91
precious minds adult family home,1,11,9.09%,4.27
winston hale,1,11,9.09%,4.73
ghc of pleasanton llc,1,11,9.09%,5.82
biscochito home care,1,11,9.09%,7.18
mill pond senior apartments,1,11,9.09%,7.18
trinity home care,1,11,9.09%,10
birchwood of golfcrest photos,1,10,10%,1.5
palomitas r us,1,10,10%,1.8
orchid court,1,10,10%,2.9
palomita services,1,10,10%,5.1
the preserve west fargo,1,10,10%,5.3
pilot cove manor,1,10,10%,5.6
south meadows residential care home,1,10,10%,9.9
15 craigside cost,1,10,10%,10
hometown care cuyahoga falls,1,10,10%,10.7
va caregiver approval letter,1,10,10%,10.8
jefferson meadows apartments,1,10,10%,19.4
bellbrook estates,1,9,11.11%,1.67
un buen amanecer home health,1,9,11.11%,2
home kare inc of dona ana,1,9,11.11%,2.22
cottages at riverview,1,9,11.11%,3.78
nancy's place,1,9,11.11%,4.44
cottage village senior apartments,1,9,11.11%,4.56
grimble park senior apartments,1,9,11.11%,4.89
willard manor,1,9,11.11%,4.89
alderbrook skilled nursing facility photos,1,9,11.11%,5
briar creek villas,1,9,11.11%,5.22
harborbrook apartments,1,9,11.11%,5.22
shag apartments,1,9,11.11%,5.78
able life care services,1,9,11.11%,6.44
victory home health,1,9,11.11%,6.67
attic angels,1,9,11.11%,7.56
cedar trace apartments evansville indiana,1,9,11.11%,8.22
cdwa,1,9,11.11%,11.22
grundy towers,1,9,11.11%,11.89
the waters of memphis reviews,1,9,11.11%,12
fritz reuter altenheim,1,9,11.11%,15.67
heavenly home care agency,1,9,11.11%,20.78
paul laurence dunbar senior complex,1,8,12.5%,2.62
cherry hill manor battle creek,1,8,12.5%,2.75
st denis senior apartments,1,8,12.5%,3
belle meade manor,1,8,12.5%,3.12
parkway plaza fairfield,1,8,12.5%,4.75
best gift home health care,1,8,12.5%,5.38
catholic community services home care,1,8,12.5%,5.38
angelique woods,1,8,12.5%,6
oxford place canton ohio,1,8,12.5%,6.62
itc in home care,1,8,12.5%,8.38
regency troy,1,8,12.5%,10.88
oasis home health,1,8,12.5%,25.88
mt zion pleasant view plaza photos,1,7,14.29%,2
amara home care jackson tn,1,7,14.29%,2.14
bee first primary home care photos,1,7,14.29%,2.57
golden care of nepa,1,7,14.29%,2.71
res care,1,7,14.29%,4.43
crescent manor apartments,1,7,14.29%,5
jay and jay health care agency,1,7,14.29%,6.14
newport senior village,1,7,14.29%,6.43
helping hands lewiston maine,1,7,14.29%,7.14
divine rehabilitation and nursing at honeytown wooster reviews,1,7,14.29%,7.29
penny lane fitchburg ma,1,7,14.29%,7.57
best care agency nyc,1,7,14.29%,8
ashton way,1,7,14.29%,9.14
welcome home care,1,7,14.29%,9.14
long beach brethren manor,1,7,14.29%,9.71
avir at irving,1,7,14.29%,10.86
crossway homecare,1,7,14.29%,15
home health care roswell nm,1,7,14.29%,29
house of bostics,1,6,16.67%,1.33
avir garland,1,6,16.67%,2
shadyside skilled nursing and rehabilitation center,1,6,16.67%,2.17
always home care clifton nj,1,6,16.67%,3.17
caring touch home health,1,6,16.67%,3.33
zvago lake superior,1,6,16.67%,3.33
hamaspik home care bronx ny,1,6,16.67%,4.67
los banos senior center,1,6,16.67%,4.83
home by the dome,1,6,16.67%,5.33
canal place senior apartments,1,6,16.67%,5.5
tha home health care inc,1,6,16.67%,5.67
windsor place at home care lawrence ks,1,6,16.67%,7.5
ace home care,1,6,16.67%,9.83
associated home care,1,6,16.67%,14.17
cambridge senior living,1,6,16.67%,18
bella vista apartments union city,1,5,20%,2.6
home option personal care,1,5,20%,2.8
brook oaks senior residences,1,5,20%,3.4
plaxia care,1,5,20%,3.4
a gentle touch home care,1,5,20%,3.6
buehler home cost,1,5,20%,3.8
st elizabeth warwick ri,1,5,20%,3.8
agile home care,1,5,20%,4.2
goldstar living,1,5,20%,4.4
legacy at the point,1,5,20%,5.4
the addison of erie station,1,5,20%,5.6
home personal care,1,5,20%,5.8
presbyterian manor apartments,1,5,20%,6.4
senior apartments near me,1,5,20%,6.4
bell tower home health care,1,5,20%,6.6
friendly care home health,1,5,20%,6.8
stonecreek assisted living,1,5,20%,6.8
andrea homecare group,1,5,20%,7.4
cypress meadows senior apartments,1,5,20%,7.4
santa fe brownsville tx,1,5,20%,7.6
carondelet village cost,1,5,20%,8
the willows at bowling green reviews,1,5,20%,8.8
villas at logan gardens,1,5,20%,8.8
wyngate at medford,1,5,20%,8.8
disciples village odessa tx,1,5,20%,9
lizandra assisted living facility,1,5,20%,9
a&d waiver,1,5,20%,9.6
arosa healthcare,1,5,20%,11
brickyard healthcare - willow springs care center,1,5,20%,11.6
liberty village,1,5,20%,24.4
social security home care benefits,1,5,20%,26.8
alliance healthcare,1,4,25%,1
by faith home care,1,4,25%,1.75
old dowlen cottages photos,1,4,25%,1.75
edley place home care,1,4,25%,2
laverna village,1,4,25%,2.25
garfield terrace pasadena,1,4,25%,2.5
eagle village bradenton fl,1,4,25%,3
legacy kettering,1,4,25%,3
armenian home cost,1,4,25%,3.25
kendra's place,1,4,25%,3.5
budlong manor apartments,1,4,25%,5.5
freestyle living yarmouth ma,1,4,25%,5.5
woodland senior apartments,1,4,25%,5.75
absolute angels,1,4,25%,6.5
leisure apartments,1,4,25%,7
madison glen apartments reviews,1,4,25%,7
how much do caregivers cost,1,4,25%,7.25
paradigm at westbury photos,1,4,25%,7.25
compare nursing homes,1,4,25%,7.5
star living lawrence ks,1,4,25%,7.75
ceg care home care,1,4,25%,8
summer village azalea place,1,4,25%,8.75
torrance care center east,1,4,25%,9
care tenders,1,4,25%,9.75
liliha healthcare center photos,1,4,25%,10.5
country villa claremont,1,4,25%,11.5
providence place senior living of lancaster reviews,1,4,25%,11.5
village homecare,1,4,25%,12.25
bella villa assisted living,1,4,25%,15.5
aurora senior living,1,4,25%,42
home health care laredo,1,4,25%,45.5
heaven sent homecare,1,3,33.33%,1
lasting love,1,3,33.33%,1
carrington place of chesapeake,1,3,33.33%,1.33
pierrepont house for the elderly,1,3,33.33%,1.33
bella vista transitional care center,1,3,33.33%,1.67
ridgecrest apartments photos,1,3,33.33%,1.67
bee first,1,3,33.33%,2
hubbard manor east,1,3,33.33%,2
san lorenzo home health,1,3,33.33%,2
elder options,1,3,33.33%,2.67
baraka home care,1,3,33.33%,3
essence austin akron ohio,1,3,33.33%,3
silvercrest apartments,1,3,33.33%,3
brethren manor,1,3,33.33%,3.33
nantucket fayetteville ar,1,3,33.33%,3.67
diana's angels,1,3,33.33%,4
triple o health services inc,1,3,33.33%,4.33
reliant home health lufkin tx,1,3,33.33%,5
the palms home care,1,3,33.33%,5
tennova home health,1,3,33.33%,5.67
visiting angels loveland co,1,3,33.33%,5.67
nancys place,1,3,33.33%,6
windsor vallejo care center photos,1,3,33.33%,6
zvago apple valley,1,3,33.33%,6.67
the springs of pine bluff nursing and rehabilitation photos,1,3,33.33%,7
truemed home health,1,3,33.33%,7
"new senior apartments in bowie, md under $1,000",1,3,33.33%,7.67
sunny hills assisted living,1,3,33.33%,8
accent care walnut creek,1,3,33.33%,8.33
arbor vista senior apartments,1,3,33.33%,8.33
riverview heights apartments,1,3,33.33%,10.67
belden village nursing and rehabilitation,1,3,33.33%,11
bon secours home health,1,3,33.33%,11
chateau rehabilitation and healthcare center,1,3,33.33%,20
camellia gardens care center,1,3,33.33%,28.67
senior care homes near me,1,3,33.33%,41.33
cottages memory care,1,2,50%,1
dona ana home care,1,2,50%,1
flint ridge apartments,1,2,50%,1
kennedy plaza photos,1,2,50%,1
moore street apartments,1,2,50%,1
senior living trenton nj,1,2,50%,1
teresian house cost,1,2,50%,1
veteran functional assessment questions,1,2,50%,1
hisgrip home care,1,2,50%,1.5
able with compassion,1,2,50%,2
ultimate home health care,1,2,50%,2
gardenview home care reviews,1,2,50%,2.5
low income housing dickinson nd,1,2,50%,2.5
bellemeade manor,1,2,50%,3
community alternatives,1,2,50%,3
sterling oaks portage mi,1,2,50%,3.5
surrey downs clubhouse,1,2,50%,3.5
eureka central residence,1,2,50%,4
elara caring des plaines,1,2,50%,5
madison glen,1,2,50%,5
pineywoods home health,1,2,50%,5
positive care,1,2,50%,5
the legacy at st joseph's,1,2,50%,5
cornerstone barnegat nj,1,2,50%,5.5
directcare,1,2,50%,5.5
sutton home for women,1,2,50%,5.5
always compassion,1,2,50%,6
beverly towers montebello,1,2,50%,6
haven home care agency,1,2,50%,6
red river home health,1,2,50%,6
savannah at the oaks,1,2,50%,6
medical city home health,1,2,50%,6.5
assistant living near me,1,2,50%,7
at ease home care eugene oregon,1,2,50%,7
mercy siena gardens,1,2,50%,7
safe haven personal care home,1,2,50%,7
services offered by foothills retirement community,1,2,50%,7
55 and over communities near me,1,2,50%,8
senior apartments o fallon mo,1,2,50%,8
wooster community hospital home health,1,2,50%,8
tri state home care,1,2,50%,8.5
all about you home care services,1,2,50%,9
garden court health and rehabilitation center,1,2,50%,9
kenwood care maple hill,1,2,50%,9
oxford ms veterans home,1,2,50%,9
senior helpers paducah ky,1,2,50%,9
visiting angels brighton co,1,2,50%,9
five acres at leisure town north,1,2,50%,9.5
harvestmen home healthcare agency,1,2,50%,10.5
sarahcare of belden village,1,2,50%,10.5
50 briggs ave san antonio,1,2,50%,11
home health care belleville il,1,2,50%,11
vantage health and rehab of milford,1,2,50%,12.5
senior housing in beaumont ca,1,2,50%,16.5
mill pond apartments,1,2,50%,18
direct home health care,1,2,50%,19
senior apartments dubuque,1,2,50%,19
good samaritan assisted living,1,2,50%,22
senior housing clifton nj,1,2,50%,23.5
honolulu care home,1,2,50%,24.5
riverstone apartments cda,1,2,50%,33.5
55 and older apartments near me,1,1,100%,1
55 and older communities,1,1,100%,1
55 and over apartments near me,1,1,100%,1
55 plus communities near me,1,1,100%,1
55+ apartments buffalo ny,1,1,100%,1
55+ apartments near me,1,1,100%,1
55+ communities woodbury,1,1,100%,1
alta loma gardens,1,1,100%,1
ankar park bellingham wa,1,1,100%,1
apartments near me for rent,1,1,100%,1
arkansas 55+ communities,1,1,100%,1
average cost of assisted living in albuquerque,1,1,100%,1
avir at arden wood,1,1,100%,1
blue cross blue shield home care coverage,1,1,100%,1
brooklyn senior living,1,1,100%,1
caretakers near me,1,1,100%,1
carol woods cost,1,1,100%,1
covenant homes,1,1,100%,1
curso de home attendant en español cerca de mí,1,1,100%,1
dementia facility near me,1,1,100%,1
dependable home healthcare,1,1,100%,1
evergreen senior living cost,1,1,100%,1
free 2 week hha training near me,1,1,100%,1
golden care home health,1,1,100%,1
hearthside,1,1,100%,1
home for mom and dad,1,1,100%,1
home health santa clarita,1,1,100%,1
homeless shelters near me,1,1,100%,1
inpatient hospice near me,1,1,100%,1
laverna village st joseph mo,1,1,100%,1
low income apartments dearborn,1,1,100%,1
"low income senior housing bergen county, nj",1,1,100%,1
"low income senior housing dothan, al",1,1,100%,1
low income senior housing westchester county ny,1,1,100%,1
low income senior living okc,1,1,100%,1
lucky medical,1,1,100%,1
madeline villa,1,1,100%,1
madison grove apartments,1,1,100%,1
masonic nursing home near me,1,1,100%,1
medicaid covered assisted living near me,1,1,100%,1
"new 55 and older communities in warner robins, ga",1,1,100%,1
"new senior apartments in bowie, md under $1000",1,1,100%,1
nursing assisted living near me,1,1,100%,1
park view memory care,1,1,100%,1
peak center cabot,1,1,100%,1
post office near me,1,1,100%,1
private duty caregiver,1,1,100%,1
provider agencies near me,1,1,100%,1
river bluff,1,1,100%,1
senior apartments bowie md,1,1,100%,1
senior apartments income based,1,1,100%,1
senior apt near me,1,1,100%,1
senior citizen housing,1,1,100%,1
senior housing bowie md,1,1,100%,1
senior housing gastonia nc,1,1,100%,1
senior living anna tx,1,1,100%,1
spring hills locations,1,1,100%,1
st james place costs per month,1,1,100%,1
suite living senior care plymouth mn,1,1,100%,1
sunny gables,1,1,100%,1
the estates of midwest city photos,1,1,100%,1
united methodist homes - elizabeth church campus,1,1,100%,1
5 star healthcare,1,1,100%,2
all in one home health,1,1,100%,2
cdc home health care,1,1,100%,2
concierge nursing,1,1,100%,2
foundation healthcare services,1,1,100%,2
group homes for adults with mental illness in texas,1,1,100%,2
harmonious living home,1,1,100%,2
helping hands home health care,1,1,100%,2
homelink home care,1,1,100%,2
independence home care,1,1,100%,2
inman grove senior citizen residence,1,1,100%,2
ivy garden senior condos,1,1,100%,2
jefferson senior,1,1,100%,2
legacy health care,1,1,100%,2
low income senior housing,1,1,100%,2
"low income senior housing buffalo, ny under $500",1,1,100%,2
low-income housing for veterans,1,1,100%,2
madison grove photos,1,1,100%,2
senior apartments based on income near me,1,1,100%,2
skilled care,1,1,100%,2
the muse at town center,1,1,100%,2
ultimate home healthcare,1,1,100%,2
villages at homefield,1,1,100%,2
a special place,1,1,100%,3
access homecare services,1,1,100%,3
adult family homes lacey wa,1,1,100%,3
arveah's care homes,1,1,100%,3
centric home health shawnee,1,1,100%,3
divinity home health care,1,1,100%,3
heaven on earth network inc,1,1,100%,3
integrity home care,1,1,100%,3
lifetime living,1,1,100%,3
"low income senior housing great falls, mt",1,1,100%,3
margaret anna cusack care center,1,1,100%,3
senior apartments hammond indiana,1,1,100%,3
sutter home health santa cruz,1,1,100%,3
the lodge chico ca,1,1,100%,3
waynesboro house,1,1,100%,3
windsor health care,1,1,100%,3
winston hale apartments,1,1,100%,3
36 vine road stamford ct,1,1,100%,4
blue sky healthcare,1,1,100%,4
brakebill nursing home,1,1,100%,4
burt farms,1,1,100%,4
chandler creek apartments,1,1,100%,4
cornerstone caregiving photos,1,1,100%,4
cornerstone residence,1,1,100%,4
facility photo,1,1,100%,4
fernwood senior apartments,1,1,100%,4
gifted hands home care,1,1,100%,4
grannie nannies,1,1,100%,4
linwood terrace photos,1,1,100%,4
low income senior housing new york state,1,1,100%,4
madison glen apartments ormond beach,1,1,100%,4
millennium home care llc,1,1,100%,4
nantucket apartments photos,1,1,100%,4
o'connell senior living,1,1,100%,4
parkview memory care,1,1,100%,4
the hearthside,1,1,100%,4
belleville assisted living,1,1,100%,5
compassionate hearts home health,1,1,100%,5
d&d home care,1,1,100%,5
is there a waiting list,1,1,100%,5
low income senior housing garland tx,1,1,100%,5
nursing home riverside,1,1,100%,5
oakview assisted living & memory care,1,1,100%,5
peace of mind home care,1,1,100%,5
red river home health care,1,1,100%,5
senior low income apartments near me under $500,1,1,100%,5
st alphonsus villa,1,1,100%,5
tj falohun,1,1,100%,5
willows retirement living,1,1,100%,5
1055 river street,1,1,100%,6
center communities of brookline - danesh residences,1,1,100%,6
merritt island 55 plus communities,1,1,100%,6
prosperity healthcare,1,1,100%,6
queensbrooke,1,1,100%,6
services offered by lutheran hillside village,1,1,100%,6
shaw manor,1,1,100%,6
st josephs manor,1,1,100%,6
subsidy housing,1,1,100%,6
5 star home health care,1,1,100%,7
adult foster care homes near me,1,1,100%,7
arbor rose adult family home,1,1,100%,7
bell manor windsor ca,1,1,100%,7
best home care newark nj,1,1,100%,7
bristal assisted living new jersey,1,1,100%,7
edison woods senior,1,1,100%,7
homes for the elderly near me,1,1,100%,7
integrity health,1,1,100%,7
kaweah health private home care,1,1,100%,7
love and mercy home health care,1,1,100%,7
"low income senior housing blue springs, mo",1,1,100%,7
"low income senior housing westminster, co",1,1,100%,7
somerset monroe la,1,1,100%,7
viridian new bern nc,1,1,100%,7
center pointe villas senior apartment homes,1,1,100%,8
chesapeake regional home health,1,1,100%,8
fern crest,1,1,100%,8
lakewoods apartments,1,1,100%,8
limitless care reviews,1,1,100%,8
magnolia estates rehab & retirement lafayette photos,1,1,100%,8
always care,1,1,100%,9
edgewater on third,1,1,100%,9
firefly home care south bend,1,1,100%,9
greenfield manor apartments,1,1,100%,9
"luxury 55 plus communities in rochester, mn",1,1,100%,9
supportive home care waukesha,1,1,100%,9
va home oxford ms,1,1,100%,9
55 and up communities near me,1,1,100%,10
cranes landing lodi,1,1,100%,10
jupiter medical center rehab,1,1,100%,10
ridge manor apartments,1,1,100%,10
55+ communities,1,1,100%,11
compassionate care homes llc,1,1,100%,11
eden healthcare,1,1,100%,11
grande prairie care center,1,1,100%,11
low income housing for seniors,1,1,100%,11
manchester assisted living,1,1,100%,11
uw health home health,1,1,100%,11
belleview care center photos,1,1,100%,12
cypress meadows ventura,1,1,100%,12
mir home care reviews,1,1,100%,12
parkview senior living north knoxville,1,1,100%,12
centerwell home health rocky mount nc,1,1,100%,16
royal gardens nursing home,1,1,100%,16
ace home health care,1,1,100%,17
la puente senior center,1,1,100%,17
poydras home,1,1,100%,19
apartments for rent in newark ohio,1,1,100%,23
nursing home in killeen texas,1,1,100%,23
celtic angels inc reviews,1,1,100%,24
bay towers at bixby knolls,1,1,100%,25
liheap application,1,1,100%,27
nursing homes in collierville tn,1,1,100%,29
windsor square marysville,1,1,100%,29
sylvan shores health and wellness center,1,1,100%,30
peregrine senior living at crossgate,1,1,100%,31
porter hills grand rapids,1,1,100%,31
glen abbey assisted living,1,1,100%,33
cascadia twin falls,1,1,100%,35
for rent gastonia nc,1,1,100%,36
how to apply for caregiver disability,1,1,100%,46
assisted living,0,3147,0%,37.94
nursing home,0,2742,0%,41.41
home care solutions,0,2186,0%,31.31
home care,0,2176,0%,20.26
non medical home care,0,2008,0%,31.08
elderly care,0,1049,0%,69.07
specialized home care,0,883,0%,16.37
nursing homes,0,703,0%,27.77
independent living,0,665,0%,26.01
assisted living at home,0,529,0%,20.4
mission ridge billings mt,0,445,0%,8.33
care homes,0,433,0%,21.09
home care provider,0,427,0%,28.92
senior care,0,418,0%,18.99
memory care near me,0,389,0%,27.17
medicare savings program michigan,0,359,0%,19.67
assisted living in the home,0,355,0%,36.22
home helpers home care,0,347,0%,15.63
visiting angels home care,0,335,0%,28.52
care homes near me,0,325,0%,30.49
amedisys home health,0,322,0%,7.5
home helpers,0,317,0%,14.66
maxim healthcare,0,307,0%,9.66
comfort keepers home care,0,291,0%,33.01
elite home health care,0,277,0%,8.15
in home care,0,276,0%,38.56
assisted living services,0,275,0%,33.76
home care near me,0,259,0%,27.31
senior care home,0,257,0%,23.48
senior care near me,0,257,0%,30.93
always best care senior services,0,253,0%,14.18
assisted living facilities,0,251,0%,20.67
life's garden apartments sunnyvale ca 94086,0,244,0%,7.68
memory care,0,236,0%,15.01
private home care,0,236,0%,26.5
accessible home health care,0,234,0%,30.41
home care options,0,233,0%,37.58
family home care services,0,233,0%,37.72
in home elderly care,0,231,0%,64.87
cornerstone caregiving,0,220,0%,8.16
home health care near me,0,218,0%,57.66
personal care near me,0,208,0%,31.1
montcare potomac,0,205,0%,7.17
maxim healthcare services,0,204,0%,10
assisted living home,0,201,0%,26.82
elite home care,0,200,0%,9.01
best care senior services,0,200,0%,25.75
elderly care near me,0,199,0%,33.22
non medical home care services,0,199,0%,37.2
abi,0,196,0%,6.29
senior living,0,194,0%,24.18
accent care,0,189,0%,7.41
long term care,0,188,0%,33.31
aveanna healthcare,0,185,0%,9.52
nursing home care,0,176,0%,45.77
comfort keeper,0,173,0%,33.13
joy home care,0,164,0%,5.4
always best care,0,164,0%,8.63
in home senior care near me,0,164,0%,33.65
amada senior care,0,162,0%,9.4
elder care,0,162,0%,28.08
alzheimers care,0,160,0%,72.43
at home care,0,159,0%,21.26
moravia health,0,158,0%,7.36
elderly home,0,155,0%,48.48
nursing home care near me,0,147,0%,57.91
senior assisted living,0,146,0%,18.44
trust home care,0,143,0%,7.99
carmel hills,0,143,0%,10.65
family resources home care,0,141,0%,30.99
elderly home care,0,140,0%,24.94
always home caregiving,0,140,0%,29.64
nursing facilities near me,0,140,0%,57.14
avir at arlington,0,138,0%,11.01
assisted living facility,0,138,0%,28.91
nursery home,0,138,0%,39.83
homecare solutions,0,137,0%,33.88
senior living near me,0,135,0%,27.74
always best senior services,0,134,0%,20.62
home health care for seniors,0,134,0%,61.4
care at home,0,133,0%,27.54
skilled nursing,0,132,0%,19.17
lake norman home health,0,132,0%,19.82
lyngblomsten,0,131,0%,5.53
lula stouch,0,131,0%,6.5
sayre christian village,0,130,0%,12.26
abide home care,0,130,0%,12.68
home health services,0,130,0%,16.07
assisted living homes,0,129,0%,21.65
24 hour home care,0,128,0%,29.16
senior home care near me,0,128,0%,60.55
long-term care near me,0,127,0%,57.72
covenant village,0,126,0%,7.28
cedarfield,0,126,0%,7.67
assisted living atlantic city,0,126,0%,20.87
independent living broomfield,0,124,0%,38.73
home care providers,0,123,0%,16.35
senior home care,0,123,0%,17.6
home care service,0,122,0%,25.61
assisted living east orange nj,0,122,0%,32.2
nursing care homes near me,0,120,0%,56.18
eagle home care,0,118,0%,7.64
kingswood reserve,0,116,0%,8.06
always best senior care,0,116,0%,18.58
at home caregivers,0,116,0%,29.24
memory care white plains,0,116,0%,47.03
24-hour home care,0,115,0%,18.91
angels care home health,0,114,0%,16.17
independent senior living,0,114,0%,22.5
assisted living white plains,0,114,0%,46.33
cost of memory care,0,114,0%,92.41
nursing care home,0,113,0%,33.91
memory care west orange nj,0,113,0%,36.12
chelsea west orange,0,112,0%,22.52
elder home care services,0,112,0%,32.92
residential assisted living,0,112,0%,44.32
family caregiver support program,0,110,0%,33.72
home care for seniors,0,110,0%,40.42
independent living new jersey,0,110,0%,50.65
the chelsea at west orange,0,109,0%,20.9
assisted living montclair nj,0,109,0%,32.21
east orange senior housing,0,109,0%,33.33
golden home services,0,108,0%,3.58
memory care texas,0,108,0%,30.22
memory care cherry hill nj,0,108,0%,41.31
maplewood senior active living,0,106,0%,5.66
memory care atlantic city,0,106,0%,40.55
independent living near me,0,105,0%,26.2
nursing care home near me,0,105,0%,52.84
home care services for the elderly,0,105,0%,70.93
covenant village gastonia,0,104,0%,7.97
senior home care solutions,0,104,0%,43.25
memory care tucson,0,102,0%,48.84
assisted living memory care near me,0,100,0%,50.45
nursing homes in west lafayette indiana,0,99,0%,26.46
alzheimer's care,0,99,0%,78.58
fox chase home care,0,98,0%,9.56
calcasieu community care center,0,98,0%,10.81
in-home care,0,98,0%,31.02
senior living in east orange nj,0,98,0%,38.84
home health service,0,97,0%,26.84
independent senior living lafayette indiana,0,97,0%,36.63
home nursing care,0,97,0%,61.86
amedisys,0,96,0%,9.71
spalding post acute,0,96,0%,10.89
homecare,0,96,0%,18.59
elder care services,0,96,0%,23.45
senior living atlantic city,0,96,0%,52.02
uw health care direct,0,94,0%,10.72
senior apartments lafayette indiana,0,94,0%,22.52
home nurse care,0,94,0%,46.02
maxim healthcare services official website,0,92,0%,8.54
assisted living care,0,92,0%,35.68
anytime home care northbrook il,0,91,0%,9.21
aveanna home health,0,90,0%,8.34
home health,0,90,0%,17.01
assisted living communities,0,90,0%,20.89
assisted living portland,0,90,0%,65.86
memory care tulsa,0,90,0%,67.36
pavilion of south shore,0,89,0%,8.97
memory care facility near me,0,89,0%,44.8
senior apartments west lafayette indiana,0,89,0%,46.47
senior apartments west lafayette in,0,88,0%,42.34
1st care of new mexico,0,87,0%,4.47
the crossings at north river,0,87,0%,5.85
wellingtonpark.com contact number,0,87,0%,10.45
at home care services,0,87,0%,24.61
nursing homes in maine,0,87,0%,41.52
independent living nj,0,87,0%,50.98
independent living durham,0,87,0%,56.49
assisted living toledo,0,87,0%,61.41
alegre home care,0,86,0%,9.47
always best care services,0,86,0%,20.73
comfort care,0,86,0%,30.14
senior apartments in lafayette indiana,0,86,0%,32.38
assisted living hempstead,0,86,0%,44.12
independent living wilmington,0,86,0%,51.42
home care santa rosa,0,86,0%,51.64
memory care oklahoma city,0,86,0%,54.87
independent living west lafayette in,0,85,0%,41.22
"review on google for acclaim homecare in san rafael, ca",0,84,0%,7.96
family tree private care,0,84,0%,13.62
best nursing homes near me,0,84,0%,15.96
assisted living rockville centre ny,0,84,0%,29.04
always home care,0,83,0%,8.35
dementia care lincoln,0,83,0%,44.96
assisted living in westminster co,0,83,0%,46.34
assisted living west orange nj,0,83,0%,48.33
angels care home health prescott valley az address phone,0,82,0%,7.52
first choice in home care tacoma,0,82,0%,10.18
assisted living tucson,0,82,0%,61.17
aurora at home,0,81,0%,9.56
personal care home,0,81,0%,18.57
home care raleigh,0,81,0%,54.33
mountain shadows home care,0,80,0%,7.51
help at home decatur il,0,80,0%,9.44
home care aurora,0,80,0%,45.45
independent living lafayette indiana west side,0,80,0%,48.81
independent senior living new jersey,0,80,0%,53.61
assisted living with memory care near me,0,80,0%,54.69
freestyle living,0,79,0%,6.61
aging care forum,0,79,0%,8.86
azalea heights,0,79,0%,9.56
in home caregiver,0,79,0%,30.3
independent living wilmington nc,0,79,0%,43.75
dementia care auburn,0,79,0%,46
independent living durham nc,0,79,0%,55.14
assisted living in white plains ny,0,79,0%,55.78
durham assisted living nc,0,79,0%,60.16
assisted living nj,0,79,0%,60.39
swift home care,0,78,0%,4.35
senior life altoona,0,78,0%,8.14
home healthcare,0,78,0%,17.83
senior helpers,0,78,0%,35.82
assisted living cherry hill nj,0,78,0%,50.18
dementia care cherry hill,0,78,0%,56.76
assisted living reno,0,78,0%,57.85
senior independent living durham nc,0,78,0%,58.54
grace and mercy clinton ms,0,77,0%,4.27
family caregiver lincoln,0,77,0%,36.17
assisted living oregon,0,77,0%,38.97
skilled nursing facilities in maine,0,77,0%,47.83
assisted living lafayette indiana,0,77,0%,48.1
assisted living in west lafayette,0,77,0%,55.99
assisted living san francisco,0,77,0%,64.25
home care services near me,0,77,0%,70.73
complete care hagerstown,0,76,0%,8.53
lafayette assisted living,0,76,0%,52.97
assisted living columbia,0,76,0%,57.93
dementia care bergen county,0,76,0%,82.71
affordable at home care,0,75,0%,32.01
skilled nursing facility near me,0,75,0%,32.96
independent living leland,0,75,0%,34.4
skilled nursing facilities near me,0,75,0%,35.89
assisted living durham nc,0,75,0%,55.99
assisted living lakeland,0,75,0%,61.09
independent living kansas city,0,75,0%,67.33
moravia erie pa,0,74,0%,2.76
assisted living grand rapids,0,74,0%,56.88
south orange senior living,0,74,0%,65.2
senior living durham nc,0,74,0%,65.36
memory care home near me,0,74,0%,67.86
senior living new york,0,74,0%,74.47
alzheimer care bergen county nj,0,74,0%,75.92
good neighbor support services,0,73,0%,9.22
always best,0,73,0%,13.23
caring angels,0,73,0%,18.44
senior living west lafayette,0,73,0%,54.41
assisted living in durham nc,0,73,0%,60.4
assisted living south orange nj,0,73,0%,65.48
home care for seniors near me,0,73,0%,68.19
help at home joliet,0,72,0%,7.03
abba home care,0,72,0%,7.07
first choice in home care renton,0,72,0%,8.75
home health care services,0,72,0%,20.76
skilled nursing facility,0,72,0%,25.74
at home elder care,0,72,0%,28.07
memory care hempstead,0,72,0%,31.74
senior living portland,0,72,0%,67.35
senior living spokane,0,72,0%,74.28
adoration home health,0,71,0%,3
first care of new mexico,0,71,0%,3.79
elara,0,71,0%,16.11
home care agencies,0,71,0%,20.52
senior assisted living near me,0,71,0%,61.85
memory care omaha,0,71,0%,67.63
caregivers home health texas inc services,0,70,0%,6.84
morgantown heights,0,70,0%,6.99
advantage home care,0,70,0%,12.39
memory care georgetown,0,70,0%,42.06
assisted living and memory care near me,0,70,0%,45.74
assisted living fargo,0,70,0%,51.6
assisted living in lafayette,0,70,0%,54.56
durham assisted living,0,70,0%,62.16
covenant living at inverness,0,69,0%,4.94
dynasty home care,0,69,0%,7.55
first name basis,0,69,0%,9.81
audubon retirement village,0,69,0%,10.1
senior home care in brentwood tn,0,69,0%,30.09
assisted living santa barbara,0,69,0%,52.67
assisted living texas,0,69,0%,54.59
senior living lafayette indiana,0,69,0%,54.62
memory care fargo,0,69,0%,55.2
senior living west lafayette in,0,69,0%,57.42
memory care seattle,0,69,0%,69.65
cdwa federal way,0,68,0%,5.16
care advantage virginia beach,0,68,0%,6.79
simplicity home care,0,68,0%,8.85
briarwood nursing and rehab,0,68,0%,11.21
adult home care,0,68,0%,19.06
mountain view independent living,0,68,0%,27.13
home care assistance,0,68,0%,29.46
assisted living las cruces,0,68,0%,51.94
senior living in west lafayette indiana,0,68,0%,53.49
assisted living west lafayette indiana,0,68,0%,54.56
independent living in durham,0,68,0%,57.22
durham independent living,0,68,0%,58.41
retirement homes in durham nc,0,68,0%,67.72
senior assisted living new jersey,0,68,0%,75.38
live well,0,67,0%,6.91
assisted living community,0,67,0%,19.19
senior care in franklin,0,67,0%,30.39
nursing facilities,0,67,0%,43.43
independent living reno,0,67,0%,54.12
senior living west lafayette indiana,0,67,0%,55.6
senior living santa barbara,0,67,0%,62
senior housing in west lafayette in,0,67,0%,62.45
assisted living facilities in texas,0,67,0%,69.13
senior living massachusetts,0,67,0%,71.19
elk valley health services,0,66,0%,10.56
elder care franklin,0,66,0%,28.86
family home care,0,66,0%,32.47
solutions home care,0,66,0%,39.77
senior living west lafayette and lafayette in,0,66,0%,54.47
memory care assisted living near me,0,66,0%,54.82
livingston assisted living,0,66,0%,58.58
raintree village,0,65,0%,9.12
uw healthcare direct,0,65,0%,9.75
eohhs spap,0,65,0%,10.45
nursing facility,0,65,0%,25.95
concierge home care,0,65,0%,28.83
assisted living fairfax,0,65,0%,46.09
at home care for seniors,0,65,0%,47.17
memory care west lafayette,0,65,0%,52.94
senior living in lafayette indiana,0,65,0%,57.57
home care cleveland,0,65,0%,61.74
village caregiving,0,64,0%,8.97
accent care home health,0,64,0%,17.42
assisted living metairie,0,64,0%,38.89
independent living tulsa,0,64,0%,47.12
west lafayette assisted living,0,64,0%,50.44
west lafayette senior living,0,64,0%,59.69
assisted living tacoma,0,64,0%,63.98
memory care nj,0,64,0%,64.08
memory care south jersey,0,64,0%,69.86
senior living texas,0,64,0%,77.73
prosperity health care,0,63,0%,7.44
all american home care,0,63,0%,9.92
seashore highlands,0,63,0%,10.29
care home,0,63,0%,11.86
santa fe home care,0,63,0%,20.7
comfort keepers home health,0,63,0%,23
comfort keepers homecare,0,63,0%,31.25
home care agency near me,0,63,0%,43.06
assisted living broomfield,0,63,0%,49.49
home care houston,0,63,0%,51.4
montclair assisted living,0,63,0%,54.29
independent living grand rapids,0,63,0%,55.9
senior apartments in west lafayette in,0,63,0%,56.56
senior living community in west lafayette in,0,63,0%,58.56
home care for the elderly,0,63,0%,68.51